,City,Lat,Lng,Max Temp,Humidity,Cloudiness,Wind Speed,Country,Date
0,bredasdorp,-34.53,20.04,60.8,87,0,2.24,ZA,1601931938
1,kapaa,22.08,-159.32,84.2,74,90,13.87,US,1601931939
2,khatanga,71.97,102.5,18.93,98,87,5.32,RU,1601931939
3,beyla,8.68,-8.63,67.84,95,97,1.57,GN,1601931939
4,katsuura,35.13,140.3,69.01,49,75,13.87,JP,1601931939
5,busselton,-33.65,115.33,48.0,59,99,8.55,AU,1601931939
6,puerto del rosario,28.5,-13.86,71.6,83,40,12.75,ES,1601931939
7,kodiak,57.79,-152.41,53.6,54,20,12.75,US,1601931940
8,bethel,41.37,-73.41,68.0,48,20,5.82,US,1601931769
9,quartucciu,39.25,9.18,64.0,82,0,6.93,IT,1601931940
10,souillac,-20.52,57.52,71.6,88,75,8.05,MU,1601931940
11,sitka,57.05,-135.33,51.8,81,90,13.87,US,1601931843
12,qaanaaq,77.48,-69.36,18.68,87,95,11.18,GL,1601931940
13,mahebourg,-20.41,57.7,71.6,88,75,8.05,MU,1601931941
14,hilo,19.73,-155.09,84.2,62,75,10.29,US,1601931648
15,port blair,11.67,92.75,80.37,85,32,7.76,IN,1601931941
16,hithadhoo,-0.6,73.08,82.2,72,100,11.52,MV,1601931941
17,lebu,-37.62,-73.65,49.41,71,0,14.38,CL,1601931941
18,margate,51.38,1.39,55.99,86,81,3.0,GB,1601931941
19,tasiilaq,65.61,-37.64,33.8,95,100,4.7,GL,1601931941
20,avarua,-21.21,-159.78,75.2,64,23,11.41,CK,1601931942
21,rikitea,-23.12,-134.97,73.98,81,100,17.11,PF,1601931942
22,ciudad bolivar,8.12,-63.55,91.38,52,46,3.91,VE,1601931942
23,ushuaia,-54.8,-68.3,44.6,70,75,21.92,AR,1601931688
24,bathsheba,13.22,-59.52,84.2,74,20,11.41,BB,1601931942
25,sao joao da barra,-21.64,-41.05,77.0,83,75,20.8,BR,1601931942
26,barrow,71.29,-156.79,33.8,80,90,12.75,US,1601931942
27,sisimiut,66.94,-53.67,27.41,91,25,4.29,GL,1601931943
28,alofi,-19.06,-169.92,77.0,88,75,11.41,NU,1601931943
29,grand gaube,-20.01,57.66,73.0,79,97,4.0,MU,1601931943
30,nouadhibou,20.93,-17.03,75.2,94,20,13.87,MR,1601931943
31,punta arenas,-53.15,-70.92,44.6,65,75,18.34,CL,1601931735
32,kansk,56.2,95.72,40.26,85,100,9.06,RU,1601931943
33,ostrovnoy,68.05,39.51,41.36,92,12,4.07,RU,1601931944
34,chuy,-33.7,-53.46,58.26,75,30,16.55,UY,1601931709
35,kourou,5.16,-52.65,78.8,88,88,2.24,GF,1601931944
36,verkh-usugli,52.7,115.17,25.43,88,0,1.3,RU,1601931944
37,camabatela,-8.19,15.38,66.83,93,100,2.08,AO,1601931944
38,port elizabeth,-33.92,25.57,60.8,93,6,10.29,ZA,1601931944
39,makakilo city,21.35,-158.09,84.2,62,75,5.82,US,1601931922
40,port macquarie,-31.43,152.92,62.01,100,40,5.82,AU,1601931945
41,inta,66.03,60.17,35.71,97,100,12.82,RU,1601931945
42,sept-iles,50.2,-66.38,43.0,93,75,4.7,CA,1601931945
43,grindavik,63.84,-22.43,39.2,86,40,9.17,IS,1601931945
44,mataura,-46.19,168.86,50.0,70,64,15.99,NZ,1601931945
45,bengkulu,-3.8,102.27,75.85,87,47,11.3,ID,1601931945
46,hobart,-42.88,147.33,39.2,80,20,5.82,AU,1601931658
47,savannah bight,16.45,-85.85,82.51,78,99,27.85,HN,1601931946
48,esperantina,-3.9,-42.23,87.04,52,93,10.92,BR,1601931946
49,lingao,19.91,109.69,79.27,85,84,12.19,CN,1601931946
50,jumla,29.27,82.18,51.57,56,0,4.94,NP,1601931946
51,atuona,-9.8,-139.03,77.79,79,3,17.76,PF,1601931947
52,vaini,-21.2,-175.2,75.2,88,75,11.41,TO,1601931947
53,camocim,-2.9,-40.84,81.61,66,58,20.04,BR,1601931947
54,hovd,48.01,91.64,38.62,68,3,7.31,MN,1601931947
55,comodoro rivadavia,-45.87,-67.5,68.0,18,96,24.16,AR,1601931676
56,rafsanjan,30.41,55.99,67.1,26,19,6.89,IR,1601931947
57,high level,58.52,-117.14,48.2,76,75,3.36,CA,1601931947
58,yulara,-25.24,130.99,51.8,81,90,5.82,AU,1601931948
59,hermanus,-34.42,19.23,55.0,94,2,2.75,ZA,1601931948
60,east london,-33.02,27.91,67.71,89,4,2.89,ZA,1601931948
61,majholi,23.5,79.92,69.21,47,83,1.5,IN,1601931948
62,butaritari,3.07,172.79,82.04,79,0,15.01,KI,1601931948
63,oistins,13.07,-59.53,84.2,74,20,11.41,BB,1601931949
64,chokurdakh,70.63,147.92,23.72,90,50,9.69,RU,1601931949
65,albany,42.6,-73.97,64.0,72,75,1.95,US,1601931925
66,badarwas,24.97,77.57,70.66,31,0,2.04,IN,1601931949
67,pevek,69.7,170.31,29.05,91,67,14.03,RU,1601931949
68,faanui,-16.48,-151.75,77.81,79,100,13.67,PF,1601931950
69,juneau,58.3,-134.42,53.01,81,90,18.34,US,1601931813
70,dikson,73.51,80.55,33.42,90,100,33.58,RU,1601931950
71,new norfolk,-42.78,147.06,39.0,87,4,2.95,AU,1601931950
72,komsomolskiy,40.43,71.72,55.4,32,100,9.17,UZ,1601931950
73,saskylakh,71.92,114.08,21.07,95,99,2.55,RU,1601931950
74,la crosse,43.8,-91.24,69.8,32,1,21.92,US,1601931936
75,barinas,8.62,-70.21,81.81,83,100,0.94,VE,1601931951
76,georgetown,5.41,100.34,78.8,94,40,2.3,MY,1601931951
77,arraial do cabo,-22.97,-42.03,75.2,83,75,26.4,BR,1601931951
78,nortelandia,-14.45,-56.8,103.91,13,56,1.1,BR,1601931951
79,epe,6.58,3.98,76.6,92,99,4.54,NG,1601931951
80,cap malheureux,-19.98,57.61,73.0,79,97,4.0,MU,1601931951
81,takoradi,4.88,-1.76,76.75,89,80,9.91,GH,1601931951
82,bluff,-46.6,168.33,50.0,70,61,15.99,NZ,1601931952
83,sao gabriel da cachoeira,-0.13,-67.09,82.18,87,96,1.21,BR,1601931952
84,necochea,-38.55,-58.74,51.01,88,76,4.0,AR,1601931952
85,port alfred,-33.59,26.89,63.75,89,25,12.68,ZA,1601931952
86,pasni,25.26,63.47,79.65,70,0,1.23,PK,1601931726
87,bambous virieux,-20.34,57.76,73.0,88,75,8.05,MU,1601931952
88,tiksi,71.69,128.87,35.76,94,100,8.99,RU,1601931952
89,umm lajj,25.02,37.27,82.56,57,0,5.7,SA,1601931953
90,usa river,-3.37,36.85,75.2,69,20,11.41,TZ,1601931813
91,broome,42.25,-75.83,59.0,69,67,1.99,US,1601931953
92,murgab,37.5,61.97,64.4,36,75,6.93,TM,1601931953
93,tanout,14.97,8.89,95.31,17,49,7.11,NE,1601931953
94,mar del plata,-38.0,-57.56,55.4,71,40,3.36,AR,1601931854
95,cayenne,4.93,-52.33,78.8,88,61,2.24,GF,1601931954
96,leningradskiy,69.38,178.42,22.3,89,12,5.95,RU,1601931954
97,aswan,24.09,32.91,82.13,22,0,9.75,EG,1601931954
98,bereda,43.27,-7.54,64.0,100,100,7.0,ES,1601931954
99,jatiroto,-7.88,111.12,72.45,82,100,6.51,ID,1601931954
100,prince rupert,54.32,-130.32,53.6,93,90,3.36,CA,1601931891
101,eydhafushi,5.1,73.07,81.97,78,0,14.61,MV,1601931955
102,camacha,33.08,-16.33,69.8,73,40,11.41,PT,1601931955
103,chaparral,3.72,-75.48,85.57,47,16,3.2,CO,1601931955
104,novokuznetsk,53.76,87.11,33.1,95,100,6.62,RU,1601931955
105,narsaq,60.92,-46.05,33.8,74,54,2.24,GL,1601931956
106,kaitangata,-46.28,169.85,53.01,53,63,15.01,NZ,1601931956
107,lompoc,34.64,-120.46,78.8,57,1,11.41,US,1601931790
108,isangel,-19.55,169.27,75.63,60,1,2.53,VU,1601931956
109,saint-philippe,-21.36,55.77,66.2,93,77,8.05,RE,1601931956
110,fortuna,40.6,-124.16,64.4,77,1,10.29,US,1601931956
111,hualmay,-11.1,-77.61,65.62,68,3,6.8,PE,1601931956
112,puerto ayora,-0.74,-90.35,75.2,60,0,17.22,EC,1601931956
113,kavieng,-2.57,150.8,82.72,75,100,14.32,PG,1601931957
114,polovinnoye,54.79,65.99,32.9,92,1,10.78,RU,1601931957
115,oussouye,12.48,-16.55,75.2,100,75,2.24,SN,1601931957
116,paamiut,61.99,-49.67,31.14,86,100,7.49,GL,1601931958
117,monroe,43.15,-77.68,57.99,67,75,12.75,US,1601931802
118,la ronge,55.1,-105.28,59.0,44,20,13.87,CA,1601931958
119,dicabisagan,17.08,122.42,78.46,83,53,6.8,PH,1601931958
120,talara,-4.58,-81.27,65.77,75,80,13.33,PE,1601931958
121,barra patuca,15.8,-84.28,82.02,77,100,21.03,HN,1601931958
122,okhotsk,59.38,143.3,36.46,73,0,15.48,RU,1601931958
123,ketchikan,55.34,-131.65,55.4,76,75,9.55,US,1601931925
124,cherskiy,68.75,161.3,27.88,87,85,3.53,RU,1601931959
125,vilhena,-12.74,-60.15,93.15,30,52,2.42,BR,1601931959
126,sinnamary,5.38,-52.95,82.9,75,97,8.68,GF,1601931959
127,maldonado,-34.67,-54.92,54.0,87,75,28.86,UY,1601931959
128,yambio,4.57,28.4,69.8,93,99,1.34,SS,1601931959
129,aksha,50.28,113.29,28.17,89,0,1.57,RU,1601931960
130,bajil,15.06,43.29,87.98,54,0,1.97,YE,1601931960
131,cidreira,-30.18,-50.21,68.49,78,98,12.12,BR,1601931672
132,nazare,-13.04,-39.01,73.67,81,4,4.18,BR,1601931960
133,nanortalik,60.14,-45.24,33.37,86,56,10.94,GL,1601931960
134,grand-lahou,5.14,-5.02,75.88,89,94,6.24,CI,1601931961
135,saint george,37.1,-113.58,82.4,7,1,5.08,US,1601931919
136,natchitoches,31.77,-93.13,77.0,44,1,3.36,US,1601931961
137,aklavik,68.22,-135.01,37.4,86,90,9.17,CA,1601931961
138,wahiawa,21.5,-158.02,84.2,69,90,8.05,US,1601931695
139,touros,-5.2,-35.46,78.8,78,40,11.41,BR,1601931961
140,ilulissat,69.22,-51.1,28.4,54,5,2.24,GL,1601931700
141,fort nelson,58.81,-122.7,55.4,54,40,5.82,CA,1601931962
142,coihaique,-45.58,-72.07,48.2,61,75,8.05,CL,1601931705
143,san quintin,30.48,-115.95,92.14,21,0,14.7,MX,1601931962
144,colesberg,-30.72,25.1,65.52,28,100,14.81,ZA,1601931962
145,waipawa,-41.41,175.52,60.8,63,81,23.04,NZ,1601931962
146,lagoa,39.05,-27.98,68.86,79,100,8.34,PT,1601931963
147,college,64.86,-147.8,41.0,74,75,2.08,US,1601931963
148,zelenoborsk,61.47,64.03,35.19,89,23,8.03,RU,1601931963
149,san policarpo,12.18,125.51,79.11,85,72,4.65,PH,1601931963
150,tuatapere,-46.13,167.68,50.0,70,65,15.99,NZ,1601931964
151,torbay,47.67,-52.73,48.0,87,90,12.75,CA,1601931917
152,batticaloa,7.71,81.69,79.3,77,0,3.42,LK,1601931964
153,ileza,61.05,43.9,47.88,95,100,7.09,RU,1601931964
154,proletariy,58.43,31.7,56.73,71,100,8.75,RU,1601931964
155,cogon,11.46,122.8,76.55,89,75,2.44,PH,1601931964
156,gwadar,25.12,62.33,81.45,57,0,2.15,PK,1601931965
157,bilibino,68.05,166.44,22.03,87,84,1.9,RU,1601931965
158,baiyin,36.56,104.21,55.99,54,97,4.47,CN,1601931965
159,danjiangkou,32.54,111.51,50.52,80,99,4.07,CN,1601931829
160,nishihara,26.18,127.76,77.0,69,40,11.41,JP,1601931965
161,kruisfontein,-34.0,24.73,60.01,90,0,1.01,ZA,1601931965
162,sawang daen din,17.48,103.46,77.0,92,33,5.23,TH,1601931966
163,osorno,-40.57,-73.15,53.6,58,75,4.7,CL,1601931966
164,asau,46.43,26.4,62.01,99,100,3.36,RO,1601931966
165,vulcan,45.38,23.27,60.46,83,100,4.34,RO,1601931966
166,cape town,-33.93,18.42,62.01,87,20,12.75,ZA,1601931967
167,hasaki,35.73,140.83,64.4,72,75,3.36,JP,1601931714
168,ancud,-41.87,-73.82,50.0,93,90,17.22,CL,1601931967
169,jamestown,42.1,-79.24,55.99,58,40,6.93,US,1601931967
170,nur,52.67,22.32,56.46,79,58,15.28,PL,1601931967
171,sterling,39.01,-77.43,66.2,45,75,11.41,US,1601931829
172,urusha,54.05,122.9,27.7,93,0,3.06,RU,1601931967
173,lichinga,-13.31,35.24,73.4,56,75,11.41,MZ,1601931968
174,clearwater,27.97,-82.8,87.01,66,40,9.17,US,1601931968
175,namatanai,-3.67,152.43,81.55,76,95,6.24,PG,1601931968
176,yumen,40.28,97.2,45.03,47,100,1.59,CN,1601931968
177,hami,42.8,93.45,52.27,36,44,8.7,CN,1601931968
178,labuhan,-6.88,112.21,77.74,77,97,12.3,ID,1601931968
179,pisco,-13.7,-76.22,64.4,77,40,10.29,PE,1601931969
180,dakar,14.69,-17.44,84.2,83,42,7.25,SN,1601931690
181,bowen,-20.02,148.23,66.2,93,75,4.7,AU,1601931969
182,santa cruz,-17.8,-63.17,91.4,31,0,4.7,BO,1601931969
183,lucea,18.45,-78.17,80.6,74,75,3.36,JM,1601931770
184,tuktoyaktuk,69.45,-133.04,35.6,100,90,14.99,CA,1601931969
185,mabaruma,8.2,-59.78,80.47,88,99,4.63,GY,1601931787
186,roblin,51.23,-101.36,58.3,41,0,19.75,CA,1601931970
187,masty,53.41,24.54,62.6,86,100,19.71,BY,1601931970
188,ubinskoye,55.31,79.68,28.89,98,70,7.63,RU,1601931970
189,flinders,-34.58,150.86,62.01,79,100,1.01,AU,1601931970
190,byron bay,-28.65,153.62,60.01,100,17,3.33,AU,1601931970
191,kununurra,-15.77,128.73,77.0,88,75,3.36,AU,1601931971
192,grimshaw,56.18,-117.6,60.8,51,40,24.16,CA,1601931971
193,daru,-9.08,143.21,77.7,84,99,15.23,PG,1601931971
194,sakakah,29.97,40.21,75.2,22,0,5.82,SA,1601931971
195,las vegas,36.17,-115.14,93.99,5,1,3.27,US,1601931846
196,nizhniy kuranakh,58.84,125.49,29.5,97,73,3.51,RU,1601931971
197,pierre,44.37,-100.35,75.0,38,1,23.04,US,1601931972
198,santa rosa,14.31,121.11,82.4,78,40,3.36,PH,1601931972
199,itaituba,-4.28,-55.98,92.12,38,90,2.04,BR,1601931972
200,san patricio,19.22,-104.7,89.6,66,5,11.41,MX,1601931972
201,olinda,-8.01,-34.86,80.6,69,40,11.41,BR,1601931972
202,geraldton,-28.77,114.6,42.8,60,68,4.7,AU,1601931972
203,kondinskoye,59.65,67.41,32.18,96,6,9.17,RU,1601931972
204,vitim,59.45,112.56,31.66,95,75,5.93,RU,1601931973
205,kurchum,48.57,83.65,47.23,61,100,4.16,KZ,1601931973
206,tura,25.52,90.22,73.17,97,17,3.76,IN,1601931973
207,severo-kurilsk,50.68,156.12,52.47,91,100,12.03,RU,1601931973
208,salalah,17.02,54.09,78.8,83,20,3.36,OM,1601931973
209,ponta do sol,32.67,-17.1,71.6,64,40,9.17,PT,1601931974
210,toppenish,46.38,-120.31,79.0,31,1,4.59,US,1601931974
211,nikolskoye,59.7,30.79,61.0,82,90,6.71,RU,1601931974
212,santiago,-33.46,-70.65,71.6,38,100,8.05,CL,1601931835
213,smithers,54.78,-127.17,60.8,67,75,3.36,CA,1601931974
214,yellowknife,62.46,-114.35,41.0,80,90,13.87,CA,1601931974
215,mildura,-34.2,142.15,50.0,76,72,5.82,AU,1601931975
216,zwedru,6.07,-8.13,72.37,96,56,2.35,LR,1601931975
217,carnarvon,-24.87,113.63,46.4,36,0,10.29,AU,1601931975
218,cabo san lucas,22.89,-109.91,89.01,70,5,11.41,MX,1601931975
219,moron,-34.65,-58.62,64.0,59,75,9.17,AR,1601931915
220,voyinka,45.87,33.99,65.23,64,14,13.58,UA,1601931975
221,aasiaat,68.71,-52.87,17.94,94,3,6.82,GL,1601931975
222,north platte,41.12,-100.77,87.8,14,1,18.34,US,1601931976
223,lixourion,38.2,20.43,76.95,68,100,2.86,GR,1601931976
224,lethem,3.38,-59.8,87.87,60,97,6.13,GY,1601931787
225,diu,20.71,70.98,78.24,82,8,7.87,IN,1601931976
226,kalga,50.93,118.9,28.49,91,59,3.06,RU,1601931976
227,thompson,55.74,-97.86,51.8,81,75,17.22,CA,1601931976
228,norman wells,65.28,-126.83,48.2,66,40,3.36,CA,1601931976
229,trelew,-43.25,-65.31,74.1,17,1,6.06,AR,1601931976
230,guerrero negro,27.98,-114.06,97.74,15,68,13.22,MX,1601931977
231,kijini,-5.85,39.32,77.0,83,5,4.7,TZ,1601931977
232,sao felix do xingu,-6.64,-51.99,78.48,71,100,2.17,BR,1601931977
233,parfino,57.97,31.65,55.58,66,91,7.14,RU,1601931977
234,tiarei,-17.53,-149.33,82.4,65,75,5.82,PF,1601931977
235,victoria,22.29,114.16,79.0,87,98,1.01,HK,1601931771
236,codrington,-38.27,141.97,45.09,77,54,8.88,AU,1601931978
237,gazanjyk,39.24,55.52,60.19,52,100,13.2,TM,1601931978
238,kinsale,51.71,-8.53,53.01,87,75,10.29,IE,1601931978
239,longyearbyen,78.22,15.64,37.4,93,75,3.36,SJ,1601931786
240,wahpeton,46.27,-96.61,73.99,46,1,16.11,US,1601931978
241,lorengau,-2.02,147.27,82.62,78,100,12.12,PG,1601931978
242,krasnyy,54.57,31.43,56.84,44,90,15.57,RU,1601931978
243,choix,26.71,-108.32,99.77,15,0,6.38,MX,1601931979
244,antoniny,49.81,26.88,62.33,75,74,19.06,UA,1601931979
245,vila,42.03,-8.16,57.0,95,99,5.99,PT,1601931979
246,orotukan,62.27,151.7,27.54,81,0,1.95,RU,1601931979
247,wenling,28.37,121.36,71.01,80,100,12.77,CN,1601931979
248,alice springs,-23.7,133.88,51.8,93,90,9.17,AU,1601931938
249,port shepstone,-30.74,30.45,69.33,85,100,20.92,ZA,1601931980
250,naze,28.37,129.48,75.2,69,0,16.11,JP,1601931980
251,kahului,20.89,-156.47,87.8,48,20,16.11,US,1601931980
252,vostok,46.49,135.88,34.81,100,100,3.24,RU,1601931980
253,severo-yeniseyskiy,60.37,93.04,25.7,95,97,12.3,RU,1601931980
254,naron,43.52,-8.15,64.4,88,75,6.93,ES,1601931980
255,isagarh,24.83,77.88,70.84,32,0,3.53,IN,1601931981
256,lavrentiya,65.58,-171.0,34.88,83,0,8.72,RU,1601931981
257,mehamn,71.04,27.85,39.2,100,90,4.7,NO,1601931981
258,fallon,39.47,-118.78,81.0,12,0,1.99,US,1601931844
259,ribeira grande,38.52,-28.7,68.0,77,75,3.36,PT,1601931981
260,beringovskiy,63.05,179.32,35.74,79,15,7.99,RU,1601931981
261,ballina,-28.87,153.57,59.0,100,2,3.56,AU,1601931908
262,miles city,46.41,-105.84,71.6,30,1,12.75,US,1601931866
263,vila velha,-20.33,-40.29,81.0,78,75,9.17,BR,1601931982
264,talnakh,69.49,88.4,26.6,100,75,8.95,RU,1601931982
265,zhigansk,66.77,123.37,39.74,94,100,16.93,RU,1601931982
266,hirara,24.8,125.28,77.92,81,97,28.95,JP,1601931982
267,constitucion,-35.33,-72.42,54.16,71,0,18.12,CL,1601931982
268,pochutla,15.74,-96.47,87.01,66,75,8.05,MX,1601931983
269,villa de reyes,21.8,-100.93,71.6,17,5,17.22,MX,1601931983
270,dingli,35.86,14.38,73.4,88,100,3.36,MT,1601931983
271,kyra,49.58,111.98,26.96,90,0,2.62,RU,1601931983
272,virginia beach,36.85,-75.98,70.0,66,0,8.7,US,1601931804
273,porto novo,6.5,2.6,80.6,83,40,9.17,BJ,1601931984
274,gornyy,55.12,83.91,27.77,94,3,6.91,RU,1601931984
275,kemin,42.78,75.69,45.0,55,100,2.44,KG,1601931984
276,okitipupa,6.5,4.78,74.68,97,87,2.93,NG,1601931984
277,bonavista,48.65,-53.11,45.0,83,100,1.99,CA,1601931984
278,korla,41.76,86.15,52.97,44,3,3.67,CN,1601931984
279,hachinohe,40.5,141.5,59.0,58,75,16.11,JP,1601931984
280,klaksvik,62.23,-6.59,50.0,100,95,12.75,FO,1601931985
281,chengde,40.97,117.94,39.51,64,0,2.59,CN,1601931985
282,kaeo,-35.1,173.78,60.01,80,100,1.99,NZ,1601931985
283,raton,36.9,-104.44,84.2,5,1,14.99,US,1601931985
284,ayan,56.45,138.17,36.54,77,3,13.2,RU,1601931985
285,wadi musa,30.32,35.48,62.73,47,0,6.29,JO,1601931986
286,chhindwara,22.07,78.93,68.45,55,98,8.01,IN,1601931986
287,laguna,38.42,-121.42,93.99,16,1,6.93,US,1601931986
288,palmer,42.16,-72.33,64.99,65,61,2.53,US,1601931779
289,mizdah,31.45,12.98,88.68,12,100,14.18,LY,1601931986
290,copiapo,-27.37,-70.33,62.6,55,76,9.17,CL,1601931987
291,avera,33.19,-82.53,77.0,47,1,6.93,US,1601931987
292,poso,-1.4,120.75,80.01,75,100,6.02,ID,1601931987
293,london,51.51,-0.13,57.2,76,75,16.11,GB,1601931757
294,iqaluit,63.75,-68.51,35.6,74,90,26.4,CA,1601931987
295,manaus,-3.1,-60.02,86.0,79,40,6.93,BR,1601931987
296,ambunti,-4.24,142.84,74.82,96,97,0.49,PG,1601931987
297,shieli,44.17,66.75,37.56,72,0,12.62,KZ,1601931988
298,vao,-22.67,167.48,70.0,80,1,5.77,NC,1601931988
299,namtsy,62.72,129.67,33.8,95,40,4.47,RU,1601931988
300,hofn,64.25,-15.21,45.32,88,100,5.61,IS,1601931988
301,nioro,13.35,-15.75,76.03,90,100,5.91,GM,1601931988
302,mastic beach,40.77,-72.85,66.2,63,90,7.36,US,1601931829
303,kankon,15.02,74.02,77.0,100,75,2.24,IN,1601931989
304,provideniya,64.38,-173.3,37.4,69,0,11.18,RU,1601931989
305,valley,45.13,-116.13,71.6,21,1,5.82,US,1601931989
306,paka,4.64,103.44,77.0,94,100,1.12,MY,1601931989
307,praia,14.92,-23.51,77.0,73,20,4.7,CV,1601931989
308,vila franca do campo,37.72,-25.43,68.0,77,40,6.93,PT,1601931989
309,atagay,55.1,99.39,43.25,79,100,1.9,RU,1601931990
310,zambezi,-13.54,23.1,77.27,24,3,4.34,ZM,1601931990
311,tombouctou,20.0,-3.0,93.88,31,23,17.76,ML,1601931990
312,dudinka,69.41,86.18,26.6,100,75,8.95,RU,1601931990
313,castro,-24.79,-50.01,78.6,53,50,5.37,BR,1601931990
314,shu,43.6,73.76,48.79,51,85,15.59,KZ,1601931990
315,canutama,-6.53,-64.38,88.95,51,73,1.77,BR,1601931990
316,kubrat,43.8,26.5,72.5,53,72,3.96,BG,1601931990
317,czluchow,53.67,17.36,55.0,90,100,6.53,PL,1601931991
318,slave lake,55.28,-114.77,60.8,48,90,24.16,CA,1601931991
319,muisne,0.6,-80.03,82.4,78,75,12.75,EC,1601931991
320,dzaoudzi,-12.79,45.27,77.0,78,36,3.36,YT,1601931991
321,qaqortoq,60.72,-46.03,33.8,74,68,2.24,GL,1601931991
322,abha,18.22,42.51,66.2,82,0,4.7,SA,1601931992
323,raipur,21.23,81.63,75.54,93,100,3.36,IN,1601931992
324,kieta,-6.22,155.63,81.55,75,75,0.72,PG,1601931992
325,alpena,45.06,-83.43,59.0,47,1,13.87,US,1601931992
326,teeli,51.03,90.23,34.95,83,99,0.78,RU,1601931992
327,richards bay,-28.78,32.04,69.04,82,100,12.1,ZA,1601931993
328,egvekinot,66.32,-179.17,27.9,92,11,3.36,RU,1601931993
329,worland,44.02,-107.96,73.99,18,1,6.93,US,1601931788
330,coquimbo,-29.95,-71.34,60.8,59,98,10.29,CL,1601931899
331,benguela,-12.58,13.41,73.47,79,86,3.76,AO,1601931993
332,san vicente,-26.62,-54.13,81.75,43,0,4.47,AR,1601931993
333,uvat,59.14,68.9,31.37,97,30,7.65,RU,1601931994
334,portland,45.52,-122.68,71.01,63,1,6.93,US,1601931757
335,los llanos de aridane,28.66,-17.92,71.6,78,90,12.75,ES,1601931994
336,mandurah,-32.55,115.7,48.0,73,41,13.94,AU,1601931738
337,kaspiyskiy,45.39,47.37,59.29,73,0,12.86,RU,1601931994
338,flagstaff,35.2,-111.65,80.01,8,1,11.41,US,1601931994
339,kutum,14.2,24.67,81.64,26,49,5.7,SD,1601931994
340,quatre cocos,-20.21,57.76,73.0,88,75,8.05,MU,1601931995
341,udachnyy,66.42,112.4,32.0,86,90,8.95,RU,1601931995
342,baruun-urt,46.68,113.28,26.62,83,0,2.98,MN,1601931995
343,berbera,10.44,45.01,86.38,60,0,7.18,SO,1601931995
344,upernavik,72.79,-56.15,25.07,89,13,4.79,GL,1601931995
345,berlevag,70.86,29.09,41.0,100,75,5.82,NO,1601931995
346,eureka,40.8,-124.16,64.4,93,90,4.7,US,1601931836
347,bolitoc,15.74,119.88,79.34,79,67,3.27,PH,1601931996
348,kaoma,-14.78,24.8,74.48,29,30,3.27,ZM,1601931996
349,broken hill,-31.95,141.43,53.6,62,90,13.87,AU,1601931996
350,yagodnoye,62.55,149.67,23.31,77,0,2.35,RU,1601931996
351,upata,8.01,-62.4,90.0,64,90,4.0,VE,1601931996
352,carmen,18.63,-91.83,84.2,62,75,8.05,MX,1601931997
353,asyut,27.18,31.18,75.49,32,0,6.22,EG,1601931997
354,kyren,51.68,102.14,35.26,80,39,0.85,RU,1601931997
355,aleksandrovsk-sakhalinskiy,50.9,142.16,49.98,83,100,18.81,RU,1601931997
356,gizo,-8.1,156.84,82.74,72,56,5.17,SB,1601931997
357,whitehorse,60.72,-135.05,48.0,70,75,14.99,CA,1601931997
358,nome,64.5,-165.41,42.01,64,40,6.93,US,1601931997
359,sibolga,1.74,98.78,76.78,83,100,2.44,ID,1601931998
360,lyubinskiy,55.15,72.69,33.8,59,40,8.95,RU,1601931998
361,rio gallegos,-51.62,-69.22,55.4,37,40,26.4,AR,1601931764
362,yarmouth,41.71,-70.23,62.01,75,5,9.55,US,1601931963
363,sawtell,-30.38,153.1,68.0,77,0,9.17,AU,1601931998
364,erenhot,43.65,111.98,41.04,55,0,7.49,CN,1601931910
365,north battleford,52.78,-108.28,60.8,41,40,19.46,CA,1601931999
366,jiangkou,25.49,119.2,71.6,64,40,15.66,CN,1601931999
367,port lincoln,-34.73,135.87,50.32,74,1,14.83,AU,1601931999
368,islamkot,24.7,70.18,82.67,58,0,11.65,PK,1601931999
369,merida,20.97,-89.62,82.0,83,75,14.99,MX,1601931741
370,gamba,-2.65,10.0,77.13,86,100,8.77,GA,1601932000
371,nicoya,10.15,-85.45,82.4,83,75,13.87,CR,1601932000
372,moose factory,51.26,-80.61,50.0,76,90,19.46,CA,1601932000
373,rawson,-43.3,-65.1,67.68,25,24,12.95,AR,1601932000
374,taperoa,-7.21,-36.83,78.76,49,52,18.21,BR,1601932000
375,swellendam,-34.02,20.44,60.8,87,0,2.24,ZA,1601932000
376,hun,29.13,15.95,84.51,15,1,8.59,LY,1601932000
377,vershino-darasunskiy,52.35,115.52,23.95,88,0,1.99,RU,1601932001
378,da nang,16.07,108.22,78.8,83,75,1.12,VN,1601932001
379,kiria,41.1,24.28,73.99,83,20,3.33,GR,1601932001
380,sao filipe,14.9,-24.5,78.03,65,1,5.5,CV,1601932001
381,samarai,-10.62,150.67,78.1,85,100,17.45,PG,1601932001
382,agirish,61.92,63.02,36.18,88,33,9.62,RU,1601932001
383,kroya,-7.63,109.25,62.01,86,100,9.35,ID,1601932002
384,port hardy,50.7,-127.42,53.6,93,90,8.05,CA,1601932002
385,sorland,67.67,12.69,53.6,71,100,3.36,NO,1601932002
386,nouakchott,18.09,-15.98,82.4,78,25,8.05,MR,1601932002
387,burgos,42.34,-3.71,57.2,54,90,10.29,ES,1601931852
388,noumea,-22.28,166.46,73.0,94,75,2.24,NC,1601931791
389,dalvik,65.97,-18.53,41.0,86,90,2.24,IS,1601932003
390,marsh harbour,26.54,-77.06,83.64,77,23,13.51,BS,1601931917
391,angoche,-16.23,39.91,74.23,87,12,7.76,MZ,1601932003
392,siuna,13.73,-84.78,86.31,69,66,2.98,NI,1601932003
393,corrente,-3.74,-43.34,89.13,43,97,7.74,BR,1601932004
394,bandarbeyla,9.49,50.81,77.59,86,28,8.46,SO,1601932004
395,merauke,-8.47,140.33,77.31,81,97,13.62,ID,1601932004
396,nhulunbuy,-12.23,136.77,77.0,83,75,11.41,AU,1601932004
397,mirnyy,62.54,113.96,39.2,82,20,6.71,RU,1601932004
398,meridian,43.61,-116.39,78.01,23,1,9.17,US,1601932004
399,pizarro,4.95,-77.37,80.78,77,24,8.16,CO,1601932004
400,klamath falls,42.22,-121.78,79.0,27,1,1.57,US,1601931993
401,nichinan,31.6,131.37,62.92,67,1,12.97,JP,1601932005
402,wangaratta,-36.37,146.33,54.0,87,100,4.7,AU,1601931877
403,bull savanna,17.89,-77.59,76.46,91,100,20.07,JM,1601932005
404,bay roberts,47.6,-53.26,46.0,100,100,4.0,CA,1601932005
405,san juan,-31.54,-68.54,74.97,19,0,5.3,AR,1601932006
406,oktyabrskoye,43.06,44.74,51.8,100,48,2.24,RU,1601932006
407,vuktyl,63.86,57.31,37.04,92,97,6.67,RU,1601932006
408,camargo,27.67,-105.17,81.48,19,0,4.34,MX,1601932006
409,nosy varika,-20.58,48.53,64.92,93,99,6.46,MG,1601932006
410,pallasovka,50.05,46.88,47.95,63,0,8.75,RU,1601932006
411,iwaki,37.05,140.88,64.0,57,39,7.0,JP,1601932006
412,pucara,-15.98,-71.46,66.2,22,40,5.82,PE,1601932007
413,fairbanks,64.84,-147.72,41.0,69,1,2.19,US,1601931779
414,aksu,41.12,80.26,55.26,38,7,7.38,CN,1601932007
415,kolokani,13.57,-8.03,78.78,71,99,2.01,ML,1601932007
416,bulgan,48.81,103.53,29.37,93,0,1.97,MN,1601932007
417,chicama,-7.84,-79.15,69.85,59,70,10.42,PE,1601932007
418,salym,60.06,71.48,31.51,97,70,6.85,RU,1601932007
419,luderitz,-26.65,15.16,58.98,75,0,18.99,NA,1601932008
420,tual,-5.67,132.75,80.33,84,38,11.63,ID,1601932008
421,nerchinskiy zavod,51.31,119.61,27.12,91,0,1.77,RU,1601932008
422,akdepe,42.06,59.38,53.6,27,100,18.34,TM,1601932008
423,mao,39.89,4.27,60.8,63,62,2.24,ES,1601932008
424,billings,45.78,-108.5,78.01,20,20,12.75,US,1601931988
425,tupik,54.43,119.93,27.64,89,0,2.06,RU,1601932008
426,padang,-0.95,100.35,76.23,81,52,2.44,ID,1601932009
427,pangnirtung,66.15,-65.71,35.6,59,75,12.75,CA,1601932009
428,baiao,-2.79,-49.67,84.18,66,63,4.0,BR,1601932009
429,poum,-20.23,164.02,72.61,80,0,16.55,NC,1601932009
430,de bilt,52.11,5.18,54.0,83,94,10.71,NL,1601932009
431,esperance,-33.87,121.9,42.8,100,62,4.7,AU,1601932009
432,kimbe,-5.55,150.14,77.9,85,72,4.16,PG,1601932010
433,jambi,-1.6,103.62,74.48,90,71,2.39,ID,1601931803
434,beidao,34.57,105.89,48.11,77,100,2.3,CN,1601931909
435,roebourne,-20.78,117.13,57.99,33,0,19.98,AU,1601932010
436,chara,56.91,118.26,29.32,88,0,1.03,RU,1601932010
437,aykhal,66.0,111.5,32.0,93,90,8.95,RU,1601932010
438,araceli,10.55,119.99,82.94,79,100,10.67,PH,1601932010
439,kamenka,51.32,42.77,44.82,56,0,7.54,RU,1601932011
440,vilyuysk,63.76,121.62,40.87,89,100,9.86,RU,1601932011
441,yar-sale,66.83,70.83,30.56,95,20,11.9,RU,1601931851
442,moratuwa,6.77,79.88,80.6,83,75,2.24,LK,1601932011
443,ixtapa,20.7,-105.2,89.6,59,5,9.17,MX,1601932011
444,swan river,52.11,-101.27,60.46,42,4,16.96,CA,1601931716
445,oia,40.54,-8.54,66.0,98,98,1.01,PT,1601932012
446,yerbogachen,61.28,108.01,42.58,76,100,12.1,RU,1601932012
447,mezen,65.85,44.24,39.9,95,0,4.07,RU,1601932012
448,alcaniz,41.05,-0.13,51.01,61,0,3.0,ES,1601932012
449,salinas,36.68,-121.66,82.0,47,1,10.29,US,1601931753
450,hargeysa,9.56,44.06,72.54,45,0,6.42,SO,1601932013
451,formosa,-26.18,-58.18,71.6,53,0,20.8,AR,1601931830
452,acari,-15.43,-74.62,70.34,54,42,8.43,PE,1601932013
453,newport,51.59,-3.0,54.0,93,92,1.01,GB,1601931747
454,christiana,-27.91,25.16,64.31,29,34,8.43,ZA,1601932013
455,hamilton,39.18,-84.53,64.99,39,1,3.51,US,1601932013
456,dauriya,49.93,116.87,29.21,87,13,2.89,RU,1601932013
457,dezhou,37.45,116.29,47.79,52,42,6.55,CN,1601932014
458,saldanha,-33.01,17.94,57.2,87,0,5.82,ZA,1601932014
459,sarangani,5.4,125.46,84.22,75,85,13.78,PH,1601932014
460,bosobolo,4.18,19.9,71.35,91,72,1.63,CD,1601932014
461,nemuro,43.32,145.57,55.83,68,10,28.07,JP,1601932014
462,tessalit,20.2,1.01,90.79,27,43,20.71,ML,1601932014
463,maniitsoq,65.42,-52.9,27.86,86,69,5.1,GL,1601932014
464,sistranda,63.73,8.83,53.6,93,90,2.24,NO,1601932015
465,hobyo,5.35,48.53,79.68,83,57,18.16,SO,1601932015
466,martapura,-3.42,114.85,74.84,91,58,1.63,ID,1601932015
467,harper,4.38,-7.72,76.95,83,34,5.93,LR,1601932015
468,itoman,26.12,127.67,77.0,69,40,19.46,JP,1601932015
469,cuamba,-14.8,36.54,72.14,69,22,4.36,MZ,1601932016
470,aktas,49.78,72.96,19.4,85,0,6.71,KZ,1601932016
471,idlib,35.93,36.63,75.2,69,0,8.05,SY,1601932016
472,havre-saint-pierre,50.23,-63.6,46.4,75,90,3.36,CA,1601932016
473,ambanja,-13.68,48.45,75.92,89,88,1.66,MG,1601932016
474,seddon,-37.81,144.89,52.0,66,90,14.99,AU,1601932016
475,yamada,39.47,141.95,55.74,66,55,9.84,JP,1601932016
476,frontera,26.93,-101.45,86.41,21,0,3.11,MX,1601932017
477,oranjemund,-28.55,16.43,58.39,89,0,9.64,NA,1601932017
478,lamphun,18.25,98.92,77.0,94,75,4.7,TH,1601932017
479,vardo,70.37,31.11,41.0,100,90,9.17,NO,1601932017
480,amazar,53.86,120.88,28.36,89,0,2.48,RU,1601932017
481,kuusankoski,60.91,26.62,53.6,93,75,8.05,FI,1601932018
482,lulea,65.58,22.15,50.0,100,90,6.93,SE,1601932018
483,atar,20.52,-13.05,87.62,47,99,9.64,MR,1601932018
484,acapulco,16.86,-99.89,86.0,74,75,9.17,MX,1601932017
485,yeppoon,-23.13,150.73,66.2,82,10,8.05,AU,1601932018
486,ambilobe,-13.2,49.05,73.74,79,86,3.94,MG,1601932018
487,chumikan,54.72,135.31,34.93,81,83,11.45,RU,1601932018
488,road town,18.42,-64.62,84.2,74,40,11.41,VG,1601932019
489,kalmunai,7.42,81.82,79.34,80,0,2.21,LK,1601932019
490,nago,26.59,127.98,75.2,69,1,16.11,JP,1601932019
491,kuching,1.55,110.33,77.0,94,40,3.36,MY,1601932019
492,myrtle beach,33.69,-78.89,75.0,60,1,6.93,US,1601932019
493,alamosa,37.47,-105.87,71.6,9,1,0.34,US,1601931917
494,westport,41.14,-73.36,66.0,72,20,6.93,US,1601931884
495,okakarara,-20.58,17.43,70.48,21,0,13.18,NA,1601932019
496,kerugoya,-0.5,37.28,62.06,80,0,2.82,KE,1601932020
497,sand springs,36.14,-96.11,78.8,36,1,10.29,US,1601932020
498,mamallapuram,12.63,80.17,84.2,66,40,2.24,IN,1601932020
499,honavar,14.28,74.45,76.68,89,100,1.68,IN,1601932020
500,boende,-0.22,20.87,73.54,88,86,2.13,CD,1601932020
501,ahuimanu,21.44,-157.84,82.4,88,75,8.05,US,1601932021
502,antofagasta,-23.65,-70.4,55.4,82,75,12.75,CL,1601932021
503,ichinohe,40.21,141.3,59.0,58,75,16.11,JP,1601932021
504,turukhansk,65.82,87.98,23.94,98,63,4.03,RU,1601932021
505,ukiah,39.15,-123.21,93.99,19,1,3.36,US,1601932021
506,beisfjord,68.38,17.6,51.8,62,100,28.86,NO,1601932022
507,mount gambier,-37.83,140.77,39.2,93,24,5.82,AU,1601932022
508,wajir,1.75,40.06,81.23,62,0,16.44,KE,1601932022
509,ahipara,-35.17,173.17,60.4,72,100,3.11,NZ,1601932022
510,san blas,21.52,-105.27,86.0,27,5,8.05,MX,1601932022
511,mount pleasant,32.79,-79.86,73.99,56,1,13.33,US,1601931832
512,yatou,37.15,122.38,52.2,65,0,6.02,CN,1601931906
513,colares,38.8,-9.45,66.0,88,75,4.7,PT,1601932023
514,chestermere,51.03,-113.82,72.0,35,40,9.17,CA,1601932023
515,asosa,10.07,34.53,61.39,92,63,3.42,ET,1601932023
516,severodvinsk,64.56,39.83,44.6,100,90,2.24,RU,1601932024
517,waiuku,-37.25,174.75,59.0,76,7,8.05,NZ,1601932024
518,mananjary,-21.22,48.33,64.69,93,100,3.11,MG,1601932024
519,januaria,-15.48,-44.37,87.06,26,0,2.26,BR,1601932024
520,anadyr,64.75,177.48,30.2,86,29,4.47,RU,1601932024
521,maymyo,22.03,96.47,64.71,99,63,0.49,MM,1601932024
522,tamiahua,21.27,-97.45,82.15,59,4,8.97,MX,1601932025
523,waingapu,-9.66,120.26,75.25,79,46,5.41,ID,1601932025
524,nanning,22.82,108.32,68.0,94,40,6.71,CN,1601931745
525,shahrud,36.42,54.98,57.29,69,55,10.31,IR,1601932025
526,luena,-11.78,19.92,70.86,39,91,1.21,AO,1601931847
527,baykit,61.67,96.37,30.33,92,100,10.65,RU,1601932025
528,ust-kulom,61.69,53.69,39.04,92,100,5.84,RU,1601932026
529,staryy nadym,65.61,72.68,32.61,95,100,11.45,RU,1601932026
530,lyuban,52.8,28.0,62.11,60,100,17.67,BY,1601932026
531,acandi,8.51,-77.28,81.93,83,99,2.15,CO,1601932026
532,granada,37.25,-3.25,55.99,48,16,1.32,ES,1601932026
533,pimentel,-6.84,-79.93,71.6,60,90,14.99,PE,1601932026
534,lalsk,60.74,47.59,44.29,94,100,6.26,RU,1601932027
535,plettenberg bay,-34.05,23.37,60.24,80,0,4.68,ZA,1601932027
536,porteirinha,-15.74,-43.03,86.27,26,17,7.87,BR,1601932027
537,puerto escondido,15.85,-97.07,84.2,66,75,5.82,MX,1601931898
538,mandalgovi,45.76,106.27,29.48,79,0,2.57,MN,1601932027
539,aguimes,27.91,-15.45,75.0,73,20,14.99,ES,1601932027
540,karpathos,35.51,27.21,78.4,62,0,2.48,GR,1601932027
541,dutse,11.76,9.34,83.55,49,47,8.59,NG,1601932028
542,chenghai,23.46,116.77,77.0,69,40,6.71,CN,1601932028
543,itarema,-2.92,-39.92,79.65,72,76,18.9,BR,1601932028
544,beaverlodge,55.22,-119.44,60.8,51,75,27.51,CA,1601932028
545,kaihua,23.37,104.28,64.78,93,87,5.77,CN,1601932028
546,charters towers,-20.1,146.27,63.97,83,77,9.26,AU,1601932029
547,atambua,-9.11,124.89,70.66,84,24,4.45,ID,1601932029
548,ponta delgada,37.73,-25.67,68.0,77,40,6.93,PT,1601931842
549,filotion,37.05,25.5,80.01,50,88,2.24,GR,1601932029
550,airai,-8.93,125.41,58.12,80,51,1.83,TL,1601932029
551,emet,39.34,29.26,69.46,31,36,2.82,TR,1601932029
552,meadow lake,34.8,-106.54,84.0,14,1,8.05,US,1601931735
553,seinajoki,62.79,22.83,46.99,100,5,4.7,FI,1601932030
554,russell,32.35,-85.2,80.6,44,1,4.83,US,1601932030
555,kendal,54.33,-2.75,57.0,98,100,4.0,GB,1601932030
556,bursa,40.17,29.08,64.4,63,45,1.66,TR,1601932030
557,yazd,31.9,54.37,73.4,25,40,11.41,IR,1601932030
558,tutoia,-2.76,-42.27,80.44,78,31,15.7,BR,1601932030
559,belaya gora,68.53,146.42,24.89,84,0,7.65,RU,1601932030
560,kailua,21.4,-157.74,81.0,88,75,8.05,US,1601931804
561,cap-aux-meules,47.38,-61.86,53.6,62,20,8.05,CA,1601932031
562,paola,39.36,16.04,72.0,70,100,1.01,IT,1601932031
563,vukovar,45.34,19.0,66.0,82,99,3.36,HR,1601932031
564,pacific grove,36.62,-121.92,82.0,77,1,5.82,US,1601932031
565,tubuala,9.52,-79.03,84.99,74,40,8.05,PA,1601932031
566,srednekolymsk,67.45,153.68,27.95,86,60,2.39,RU,1601932032
567,mount isa,-20.73,139.5,68.0,52,0,9.17,AU,1601932032
568,dingle,11.0,122.67,76.33,89,51,0.85,PH,1601932032
569,tahta,26.77,31.5,75.99,32,0,8.14,EG,1601932032
570,okha,53.57,142.95,48.69,84,88,23.4,RU,1601932032
571,santa lucia,27.91,-15.54,75.0,73,20,14.99,ES,1601932032
572,poplar bluff,36.76,-90.39,68.0,34,1,2.19,US,1601931800
